participants,time
CWZN0001,2021-01-13 10:19:41
CWZN0002,2021-04-03 09:55:07
CWZN0003,2021-04-03 07:38:46
CWZN0004,2021-03-31 05:49:10
CWZN0005,2021-04-01 08:26:23
CWZN0006,2021-04-14 05:52:44
CWZN0007,2021-04-01 21:21:08
CWZN0008,2021-04-05 09:03:43
CWZN0010,2020-11-12 08:53:31
CWZN0011,2021-04-05 12:31:34
CWZN0012,2021-04-08 03:33:21
CWZN0013,2021-04-13 10:25:58
CWZN0014,2021-04-01 20:39:40
CWZN0015,2021-03-31 13:37:52
CWZN0016,2020-08-05 06:52:02
CWZN0017,2020-07-08 05:18:38
CWZN0018,2021-04-02 13:43:11
CWZN0019,2021-04-12 10:25:10
CWZN0020,2021-01-08 09:01:52
CWZN0021,2021-04-01 19:53:29
CWZN0022,2021-04-13 12:07:01
CWZN0023,2021-03-31 07:00:12
CWZN0024,2021-03-21 20:36:27
CWZN0025,2021-04-13 10:37:05
CWZN0026,2021-04-01 15:59:44
CWZN0027,2021-04-05 13:18:16
CWZN0028,2021-03-31 19:35:39
CWZN0029,2021-04-08 11:40:36
CWZN0030,2021-04-03 22:49:43
CWZN0031,2020-12-18 07:56:17
CWZN0032,2021-04-14 06:59:02
CWZN0033,2021-04-17 08:59:39
CWZN0034,2020-07-06 09:55:04
CWZN0035,2021-01-19 05:24:14
CWZN0036,2021-04-13 15:52:36
CWZN0037,2021-04-13 10:28:03
CWZN0038,2021-03-31 13:57:56
CWZN0039,2021-04-13 11:51:22
CWZN0040,2021-04-08 03:19:51
CWZN0041,2021-03-31 13:30:22
CWZN0042,2020-10-09 08:42:52
CWZN0043,2021-03-31 05:16:26
CWZN0044,2021-03-31 15:09:53
CWZN0045,2021-04-02 06:34:08
CWZN0046,2021-03-27 20:53:44
CWZN0047,2021-03-31 06:16:47
CWZN0048,2020-05-12 07:20:17
CWZN0049,2021-04-13 17:19:28
CWZN0050,2021-04-02 09:02:43
CWZN0051,2021-03-31 07:43:23
CWZN0052,2020-05-12 13:30:20
CWZN0053,2021-04-13 12:07:21
CWZN0054,2021-03-31 08:45:31
CWZN0055,2021-04-09 19:55:52
CWZN0056,2021-01-21 22:11:32
CWZN0057,2021-03-27 07:01:34
CWZN0058,2021-04-07 20:53:51
CWZN0059,2021-04-01 13:49:47
CWZN0060,2020-12-16 14:38:23
CWZN0061,2021-04-01 07:41:56
CWZN0062,2020-07-04 06:12:02
CWZN0063,2021-04-13 13:23:35
CWZN0064,2020-12-03 15:04:24
CWZN0065,2021-03-31 08:31:31
CWZN0066,2021-03-31 16:21:28
CWZN0067,2021-04-03 06:43:50
CWZN0068,2020-06-04 12:11:12
CWZN0069,2021-04-05 11:38:22
CWZN0070,2021-04-05 19:25:06
CWZN0071,2021-03-31 05:15:44
CWZN0072,2021-04-02 12:32:47
CWZN0073,2021-03-31 19:57:07
CWZN0074,2021-04-04 20:42:13
CWZN0075,2021-04-02 08:59:40
CWZN0076,2021-03-28 16:16:20
ERMC0002,2021-04-15 09:17:35
ERMC0003,2021-03-31 19:18:53
ERMC0004,2021-03-31 08:13:30
ERMC0005,2021-04-02 04:27:23
ERMC0006,2021-04-10 19:30:42
ERMC0007,2021-01-07 12:56:34
ERMC0008,2021-04-19 05:01:47
ERMC0009,2021-04-02 19:28:31
ERMC0010,2021-04-03 06:51:37
ERMC0011,2021-04-01 09:11:10
ERMC0012,2021-04-01 16:56:37
ERMC0013,2021-01-30 22:23:49
ERMC0014,2021-04-13 13:21:52
ERMC0015,2021-04-01 10:40:23
ERMC0016,2021-04-15 05:07:45
ERMC0017,2021-04-04 13:45:52
ERMC0018,2021-04-02 17:12:47
ERMC0019,2021-03-31 16:24:24
ERMC0020,2021-01-07 12:57:12
ERMC0021,2021-03-31 14:35:24
ERMC0022,2021-04-06 19:26:24
ERMC0023,2021-03-31 08:51:33
ERMC0024,2021-04-14 16:17:49
ERMC0025,2021-03-31 05:03:44
ERMC0026,2021-01-09 11:17:23
ERMC0027,2021-04-02 16:57:36
ERMC0028,2021-03-31 09:01:03
ERMC0029,2021-03-31 19:25:52
ERMC0032,2021-03-31 04:29:19
ERMC0033,2021-04-05 17:39:33
ERMC0034,2021-02-02 17:51:43
ERMC0035,2021-03-03 10:22:59
ERMC0036,2021-03-31 05:46:27
ERMC0037,2021-04-04 13:25:25
ERMC0038,2021-02-10 19:14:53
ERMC0039,2021-03-31 07:09:07
ERMC0040,2021-04-13 10:49:37
ERMC0041,2021-03-31 08:18:08
ERMC0042,2021-03-31 08:19:08
ERMC0043,2021-04-01 15:18:30
ERMC0044,2021-04-05 16:35:55
ERMC0045,2021-04-04 09:33:59
HZDH0001,2021-04-03 12:31:03
HZDH0002,2021-03-31 17:06:25
HZDH0003,2021-04-01 15:58:54
HZDH0004,2021-04-10 07:29:51
HZDH0005,2021-04-03 15:51:30
HZDH0006,2021-03-27 14:00:41
HZDH0007,2021-03-31 11:03:40
HZDH0008,2020-12-22 13:02:03
HZDH0009,2021-04-04 09:46:09
HZDH0010,2020-12-22 15:54:54
HZDH0011,2021-01-10 23:08:06
HZDH0012,2021-04-09 18:02:24
HZDH0013,2020-08-14 20:16:30
HZDH0014,2021-04-05 18:15:38
HZDH0015,2021-03-31 05:37:57
HZDH0016,2021-04-03 00:24:12
HZDH0017,2020-05-29 09:55:09
HZDH0018,2021-04-03 20:36:42
HZDH0019,2021-02-14 09:57:03
HZDH0020,2021-03-31 21:08:06
HZDH0021,2021-04-01 18:57:09
HZDH0022,2021-03-01 18:33:37
HZDH0023,2021-04-12 11:47:09
HZDH0024,2020-05-27 14:43:22
HZDH0025,2021-03-31 07:05:06
HZDH0027,2021-03-31 11:53:55
HZDH0028,2021-04-13 12:16:29
HZDH0029,2021-04-02 06:37:36
HZDH0030,2021-04-18 20:04:12
HZDH0032,2021-01-13 04:59:43
HZDH0033,2021-04-01 15:57:40
HZDH0034,2021-04-13 11:55:21
HZDH0036,2020-06-17 07:56:04
HZDH0037,2021-03-31 07:02:03
HZDH0038,2021-04-03 04:58:30
HZDH0039,2021-04-12 11:18:35
HZDH0040,2020-07-09 09:14:40
HZDH0041,2021-01-09 14:39:18
HZDH0042,2020-06-19 20:39:26
HZDH0043,2021-03-29 07:38:38
HZDH0044,2021-04-12 10:21:15
HZDH0045,2021-03-29 05:59:42
HZDH0046,2021-04-07 13:55:41
HZDH0047,2021-04-02 13:11:09
HZDH0048,2020-06-18 09:31:35
HZDH0049,2020-07-26 11:29:12
HZDH0050,2021-03-22 12:55:30
HZDH0051,2021-04-07 10:37:48
HZDH0052,2021-04-06 19:00:55
HZDH0053,2021-04-13 13:04:57
HZDH0054,2021-03-31 19:08:06
HZDH0055,2020-08-24 20:02:56
HZDH0056,2020-08-07 11:59:35
HZDH0057,2020-10-24 15:04:11
HZDH0058,2021-04-13 11:52:24
HZDH0060,2021-03-31 20:04:04
HZDH0061,2021-04-02 06:42:22
HZDH0062,2021-04-17 05:17:02
HZDH0063,2021-04-01 06:30:09
HZDH0065,2021-04-13 10:25:15
HZDH0066,2021-04-13 17:46:33
HZDH0067,2021-03-31 00:51:25
HZDH0068,2021-03-31 18:57:45
HZDH0069,2021-04-01 16:19:29
HZDH0070,2021-04-02 20:33:22
HZDH0071,2021-04-05 18:02:00
HZDH0072,2021-04-05 07:14:07
HZDH0073,2021-03-17 06:42:22
HZDH0074,2021-04-06 18:13:00
HZDH0075,2021-03-27 08:10:07
HZDH0076,2021-04-01 18:49:32
HZDH0077,2021-03-30 07:00:36
HZDH0078,2021-03-31 11:37:18
HZDH0080,2021-03-31 20:35:02
HZDH0081,2021-04-02 07:58:20
HZDH0082,2021-04-11 13:06:34
HZDH0083,2021-03-31 08:05:39
HZDH0084,2021-04-02 19:10:38
HZDH0085,2021-02-03 11:38:58
HZDH0086,2021-04-05 14:38:55
HZDH0087,2021-03-31 06:40:18
HZDH0088,2021-04-01 09:31:33
HZDH0089,2021-04-16 16:53:20
HZDH0090,2021-04-09 13:31:12
HZDH0091,2021-03-28 00:40:09
HZDH0092,2021-04-02 06:37:26
HZDH0093,2021-04-02 21:02:44
HZDH0094,2021-03-31 20:23:48
HZDH0095,2021-03-25 07:10:35
HZDH0096,2021-04-03 17:38:08
HZDH0097,2021-03-11 20:57:50
HZDH0098,2021-04-08 17:34:04
HZDH0099,2021-04-02 04:52:34
HZDH0100,2021-03-27 07:17:52
HZDH0101,2021-04-13 11:18:52
HZDH0102,2021-03-19 15:51:06
HZDH0103,2021-03-31 18:01:19
JBZD0002,2021-02-08 21:24:29
JBZD0003,2021-04-13 10:25:58
JBZD0004,2021-04-13 10:31:08
JBZD0005,2021-04-01 11:19:06
JBZD0006,2021-03-31 19:41:02
JBZD0007,2021-03-26 08:43:16
JBZD0008,2021-03-27 14:30:59
JBZD0009,2021-03-28 19:37:03
JBZD0010,2021-03-31 04:33:46
JBZD0011,2021-04-02 04:42:06
JBZD0012,2021-03-31 07:35:35
JBZD0013,2021-04-03 19:10:20
JBZD0014,2021-03-31 05:05:13
JBZD0015,2021-03-27 07:23:49
JBZD0016,2021-03-31 13:38:42
JBZD0017,2021-04-03 15:56:37
JBZD0018,2021-02-05 18:24:48
JBZD0019,2021-04-05 11:20:38
JBZD0020,2021-04-04 07:31:21
JBZD0021,2021-04-02 22:28:13
JBZD0023,2021-04-13 15:03:13
JBZD0024,2021-04-04 08:32:39
JBZD0025,2021-03-31 07:11:21
JBZD0026,2021-03-27 08:56:58
JBZD0027,2021-04-02 22:28:08
JBZD0028,2021-04-04 05:45:40
JBZD0029,2021-04-05 07:29:46
JBZD0031,2021-03-27 06:43:39
JBZD0032,2021-04-13 15:30:51
JBZD0033,2021-03-31 12:20:30
JBZD0034,2021-03-31 14:54:02
JBZD0035,2020-10-05 19:21:24
JBZD0036,2021-03-20 15:27:52
JBZD0037,2021-04-07 04:14:33
JBZD0038,2020-06-21 20:40:44
JBZD0039,2021-03-27 06:41:27
JBZD0040,2021-04-14 06:23:26
JBZD0041,2021-03-22 18:36:59
JBZD0042,2021-04-05 19:39:01
JBZD0043,2020-07-10 10:02:22
JBZD0044,2021-04-13 07:54:06
JBZD0045,2021-04-08 09:45:39
JBZD0046,2021-03-31 09:03:40
JBZD0047,2021-04-03 14:04:30
JBZD0048,2021-04-04 06:26:18
JBZD0049,2021-04-09 15:41:34
JBZD0050,2021-03-31 05:53:01
JBZD0051,2021-04-03 12:45:43
JBZD0052,2021-03-31 11:42:09
JBZD0053,2021-04-13 10:35:14
LUMC0001,2021-04-02 14:23:24
LUMC0002,2021-04-05 06:44:52
LUMC0003,2021-03-31 18:43:05
LUMC0004,2021-04-02 15:59:24
LUMC0005,2021-03-20 10:33:08
LUMC0006,2021-04-05 15:15:39
LUMC0007,2021-04-01 08:00:07
LUMC0008,2021-04-01 11:16:02
LUMC0009,2021-03-31 13:14:13
LUMC0010,2021-03-31 16:46:30
LUMC0011,2021-03-31 13:51:45
LUMC0012,2021-04-02 01:10:39
LUMC0013,2021-04-13 20:39:47
LUMC0015,2021-03-31 06:38:08
LUMC0016,2021-02-18 11:18:41
LUMC0017,2021-04-02 04:26:06
LUMC0018,2021-03-31 04:01:44
LUMC0019,2020-07-20 06:35:02
LUMC0020,2021-03-31 05:43:53
LUMC0021,2021-04-04 20:57:55
LUMC0022,2021-04-02 15:25:20
LUMC0024,2021-03-31 13:18:37
LUMC0025,2021-03-27 08:03:14
LUMC0026,2021-04-04 20:52:23
LUMC0027,2021-04-05 17:40:02
LUMC0028,2021-03-31 12:31:54
LUMC0029,2021-04-13 15:12:02
LUMC0030,2021-04-05 17:54:04
LUMC0031,2020-11-18 19:46:50
LUMC0032,2021-04-01 10:14:11
LUMC0033,2021-04-02 02:07:17
LUMC0034,2021-04-02 15:31:52
LUMC0035,2021-04-14 04:50:05
LUMC0036,2020-10-02 08:49:37
LUMC0037,2021-04-03 05:20:06
LUMC0038,2021-03-31 07:40:59
LUMC0039,2021-04-05 15:20:39
LUMC0040,2021-04-02 10:35:05
LUMC0041,2021-03-31 05:14:37
LUMC0042,2021-04-14 07:58:15
LUMC0043,2021-04-09 19:46:24
LUMC0044,2021-04-09 11:40:47
LUMC0045,2021-04-02 05:43:24
LUMC0046,2021-04-03 06:40:03
LUMC0047,2020-06-19 07:31:22
LUMC0048,2021-03-29 15:48:31
LUMC0049,2021-04-02 12:34:54
LUMC0050,2021-04-16 15:05:34
LUMC0051,2021-04-04 14:57:35
LUMC0052,2021-04-04 17:46:49
LUMC0053,2021-04-13 10:22:12
LUMC0054,2021-04-03 07:23:14
LUMC0055,2021-04-02 01:38:13
LUMC0056,2021-04-02 18:58:53
LUMC0057,2020-08-21 02:07:54
LUMC0058,2021-04-13 11:24:19
NWZA0001,2021-03-31 05:09:43
NWZA0002,2021-03-31 05:39:11
NWZA0003,2021-03-31 17:59:41
NWZA0004,2021-04-01 05:09:33
NWZA0005,2021-03-31 05:38:46
NWZA0006,2021-04-13 10:30:16
NWZA0007,2021-04-05 09:38:20
NWZA0008,2021-04-12 10:33:13
NWZA0009,2020-12-23 16:14:24
NWZA0010,2021-04-13 15:02:53
NWZA0011,2021-04-13 18:43:18
NWZA0012,2021-04-02 22:11:39
NWZA0013,2021-04-01 15:25:19
NWZA0014,2021-01-18 16:03:21
NWZA0015,2021-04-04 18:06:50
NWZA0016,2021-03-20 08:31:35
NWZA0017,2021-04-03 17:21:54
NWZA0018,2021-03-19 09:41:58
NWZA0019,2021-03-31 00:26:02
NWZA0020,2021-04-02 20:05:49
NWZA0021,2021-04-11 06:08:18
NWZA0022,2021-03-31 11:00:44
NWZA0023,2021-03-31 07:19:44
NWZA0024,2021-03-31 01:07:53
NWZA0025,2020-07-17 18:46:55
NWZA0026,2021-04-13 12:52:42
NWZA0027,2021-04-08 04:43:29
NWZA0028,2021-04-08 19:13:04
NWZA0029,2021-04-13 13:47:18
NWZA0030,2021-04-05 09:29:57
NWZA0031,2021-03-27 18:52:13
NWZA0032,2020-09-03 07:03:21
NWZA0033,2021-02-05 12:02:19
NWZA0034,2021-04-13 16:52:07
NWZA0035,2021-03-31 18:56:47
NWZA0036,2021-04-03 09:15:37
NWZA0037,2021-03-31 18:38:13
NWZA0038,2021-04-07 17:27:59
NWZA0039,2021-04-04 14:05:13
NWZA0040,2021-03-31 11:06:31
NWZA0041,2021-03-31 10:24:13
NWZA0042,2021-03-31 07:41:44
NWZA0043,2021-04-04 06:29:53
NWZA0044,2021-04-04 18:44:25
NWZA0045,2020-06-14 19:57:59
NWZA0046,2021-03-31 07:57:41
NWZA0047,2021-04-02 20:56:41
NWZA0048,2021-04-02 10:29:02
NWZA0049,2021-03-27 06:29:53
NWZA0050,2021-03-27 18:07:42
NWZA0051,2021-01-16 06:48:22
NWZA0052,2021-04-17 15:05:08
NWZA0053,2021-04-01 19:52:35
NWZA0054,2021-03-31 19:21:17
NWZA0055,2021-04-03 20:31:31
NWZA0056,2021-04-04 12:03:44
NWZA0057,2020-11-04 18:31:54
NWZA0058,2021-04-12 05:37:27
NWZA0059,2021-03-24 17:53:21
NWZA0060,2021-03-28 14:47:19
NWZA0061,2021-04-02 05:39:10
NWZA0062,2021-04-02 19:45:04
NWZA0063,2021-03-30 06:39:42
NWZA0064,2021-04-04 06:56:54
NWZA0065,2021-04-09 19:45:21
NWZA0066,2021-04-13 11:12:59
NWZA0067,2021-04-04 09:30:44
NWZA0068,2021-03-31 18:57:17
NWZA0069,2021-04-05 06:55:38
NWZA0070,2021-03-31 18:15:20
NWZA0071,2021-04-05 16:02:35
NWZA0072,2021-03-31 05:46:11
NWZA0073,2021-02-17 18:53:53
NWZA0074,2021-03-31 09:01:47
NWZA0075,2021-04-02 08:05:06
NWZA0076,2021-04-01 17:56:56
NWZA0077,2021-04-01 05:39:47
NWZA0078,2021-03-31 07:07:38
NWZA0079,2021-03-31 06:35:11
NWZA0080,2021-04-05 18:15:43
NWZA0081,2021-04-04 09:24:31
NWZA0082,2021-04-02 07:06:07
NWZA0083,2021-04-19 07:15:01
NWZA0084,2021-01-06 16:57:32
NWZA0085,2021-01-26 11:55:51
NWZA0086,2021-03-20 02:25:27
NWZA0087,2021-03-31 07:00:58
NWZA0088,2021-04-08 20:45:43
NWZA0089,2021-04-11 14:29:17
NWZA0090,2021-04-13 11:52:13
NWZA0091,2021-04-03 10:47:27
NWZA0092,2021-04-04 10:39:33
NWZA0093,2021-03-31 13:25:23
NWZA0094,2021-02-19 13:10:41
NWZA0095,2021-04-03 17:59:04
NWZA0096,2020-07-24 10:52:16
NWZA0097,2021-04-02 19:02:48
NWZA0098,2021-03-31 08:59:01
NWZA0099,2021-04-13 11:40:19
NWZA0100,2020-10-23 19:57:11
NWZA0101,2021-04-12 12:08:34
NWZA0102,2021-04-01 19:56:48
NWZA0103,2021-03-29 08:26:08
NWZA0104,2021-04-01 20:51:41
NWZA0105,2021-02-21 10:38:51
NWZA0106,2021-02-24 14:55:38
NWZA0107,2021-03-31 06:26:44
NWZA0108,2020-06-27 19:10:17
NWZA0109,2020-10-08 18:19:41
NWZA0110,2021-04-19 05:18:15
NWZA0111,2021-04-15 06:48:36
NWZA0112,2021-04-05 11:30:50
NWZA0113,2021-03-31 10:56:48
NWZA0114,2021-03-31 18:32:02
NWZA0115,2021-03-31 05:20:22
NWZA0116,2021-04-04 15:33:21
NWZA0117,2021-04-05 10:51:54
NWZA0118,2021-04-13 15:43:54
NWZA0119,2021-04-06 19:16:49
NWZA0120,2021-04-06 05:45:59
NWZA0121,2021-01-07 15:12:27
NWZA0122,2021-01-08 08:55:45
NWZA0123,2021-04-01 07:00:55
NWZA0124,2021-04-03 08:39:03
NWZA0125,2021-04-03 13:28:28
NWZA0126,2021-04-02 10:57:31
NWZA0127,2021-04-06 07:01:31
NWZA0128,2020-04-29 12:01:34
NWZA0129,2021-03-29 02:32:22
NWZA0130,2021-04-03 11:46:26
NWZA0131,2021-03-31 05:37:01
NWZA0132,2021-04-18 12:17:40
NWZA0133,2021-03-31 17:31:07
NWZA0134,2021-04-13 11:33:19
NWZA0135,2021-04-04 14:39:42
NWZA0136,2021-02-27 13:46:25
NWZA0137,2021-02-03 07:23:05
NWZA0138,2021-03-31 05:23:29
NWZA0139,2021-04-13 18:45:21
NWZA0140,2021-04-13 11:06:35
NWZA0141,2020-11-01 09:43:30
NWZA0142,2021-04-03 18:51:43
NWZA0143,2021-03-27 06:27:55
NWZA0144,2020-11-03 12:43:39
NWZA0145,2021-03-31 18:40:35
NWZA0146,2021-04-14 08:16:40
NWZA0147,2021-03-27 07:24:26
NWZA0148,2021-03-31 09:47:58
NWZA0149,2021-04-01 11:49:39
NWZA0150,2021-03-31 05:26:08
NWZA0151,2021-04-01 17:07:38
NWZA0152,2021-03-31 08:05:05
NWZA0153,2021-04-02 13:13:09
NWZA0154,2021-03-31 16:47:57
NWZA0155,2021-03-27 09:37:48
NWZA0156,2021-04-14 07:08:20
NWZA0157,2020-06-03 06:21:02
NWZA0158,2021-03-24 08:51:36
NWZA0159,2021-04-01 10:50:53
NWZA0160,2021-03-31 10:42:10
NWZA0161,2021-04-03 06:12:51
NWZA0162,2021-04-03 12:56:36
NWZA0163,2021-04-03 06:02:51
NWZA0164,2021-04-02 13:46:35
NWZA0165,2021-03-19 20:14:14
NWZA0166,2021-04-11 17:48:31
NWZA0167,2021-03-31 04:37:02
NWZA0168,2020-12-19 13:30:29
NWZA0169,2021-04-14 12:35:16
NWZA0170,2021-03-31 20:07:09
NWZA0171,2020-12-10 17:17:51
NWZA0172,2020-07-28 16:15:45
NWZA0173,2021-04-02 22:14:40
NWZA0174,2020-08-03 05:41:33
NWZA0175,2021-04-06 14:55:54
NWZA0176,2021-04-13 15:26:51
NWZA0177,2021-04-01 17:12:35
NWZA0178,2021-04-11 15:11:35
NWZA0179,2021-03-27 09:24:12
NWZA0180,2020-11-11 18:54:37
NWZA0181,2021-04-15 11:29:27
NWZA0182,2021-04-15 07:47:26
NWZA0183,2020-07-01 03:25:02
NWZA0184,2021-04-06 12:22:22
NWZA0185,2021-04-01 11:43:14
NWZA0186,2020-10-18 07:25:11
NWZA0187,2021-04-17 20:31:49
NWZA0188,2021-04-07 06:23:17
NWZA0189,2021-04-18 07:30:15
NWZA0190,2021-04-03 13:56:27
NWZA0191,2021-04-04 14:53:08
NWZA0192,2021-04-03 17:10:08
NWZA0193,2021-04-07 06:20:43
NWZA0194,2020-08-26 19:12:43
NWZA0195,2021-03-07 21:42:11
NWZA0196,2021-04-15 17:05:54
NWZA0197,2021-03-27 06:49:25
NWZA0198,2021-04-14 02:22:07
NWZA0199,2021-04-05 11:12:36
NWZA0200,2021-03-03 08:14:50
NWZA0201,2021-04-02 14:39:10
NWZA0202,2021-04-14 15:02:53
NWZA0203,2021-03-31 15:53:59
NWZA0204,2021-03-27 09:29:40
NWZA0205,2021-03-31 15:23:54
NWZA0206,2021-04-03 09:22:56
NWZA0207,2021-03-27 09:23:34
NWZA0208,2021-03-31 09:37:56
NWZA0209,2021-04-13 11:54:29
NWZA0210,2021-04-05 13:59:15
NWZA0211,2021-04-02 06:57:57
NWZA0212,2021-04-01 20:35:30
NWZA0213,2021-04-04 21:17:53
NWZA0214,2021-04-03 05:11:46
NWZA0215,2021-03-31 10:11:26
NWZA0216,2021-03-31 18:35:39
NWZA0217,2021-03-31 11:58:40
NWZA0218,2021-04-14 07:29:49
NWZA0219,2021-04-13 11:30:54
NWZA0220,2021-03-31 07:35:11
NWZA0221,2021-04-01 10:05:42
NWZA0222,2021-03-31 15:33:19
NWZA0223,2021-03-31 10:07:24
NWZA0224,2021-04-13 10:28:17
NWZA0225,2021-04-12 12:21:56
NWZA0226,2021-04-13 11:07:40
NWZA0227,2021-04-13 15:45:36
NWZA0228,2021-03-31 15:46:05
NWZA0229,2021-04-06 20:44:00
NWZA0230,2021-04-02 15:40:14
NWZA0231,2021-04-02 11:39:50
NWZA0232,2021-04-04 09:00:21
NWZA0233,2021-04-02 11:36:32
NWZA0234,2021-03-27 21:18:29
NWZA0235,2021-04-12 11:23:40
NWZA0236,2021-04-02 07:06:57
NWZA0237,2021-04-13 13:31:46
NWZA0238,2021-04-13 21:05:49
NWZA0239,2021-03-31 06:02:22
NWZA0240,2021-04-13 13:49:58
NWZA0241,2021-04-03 10:26:16
NWZA0242,2021-02-21 08:07:16
NWZA0243,2021-04-13 08:06:44
NWZA0244,2021-04-08 10:45:41
NWZA0245,2021-04-06 10:30:46
NWZA0246,2021-04-11 19:58:36
NWZA0247,2021-03-27 07:19:39
NWZA0248,2021-04-01 10:39:46
NWZA0249,2021-03-31 19:25:02
NWZA0250,2021-03-31 10:30:14
NWZA0251,2021-03-31 09:17:28
NWZA0252,2021-03-29 16:20:46
NWZA0253,2021-03-31 00:37:18
NWZA0254,2021-04-13 10:48:29
NWZA0255,2021-03-25 06:39:15
NWZA0256,2021-04-13 17:11:03
NWZA0257,2021-03-31 18:07:32
NWZA0258,2021-04-01 18:49:57
NWZA0259,2021-02-27 13:09:18
NWZA0260,2021-04-13 11:14:39
NWZA0261,2021-04-03 14:36:14
NWZA0262,2021-02-11 11:06:09
NWZA0263,2020-12-16 20:56:57
NWZA0264,2021-03-31 18:13:44
NWZA0265,2021-03-31 08:05:37
NWZA0266,2021-03-28 19:04:43
NWZA0267,2021-04-05 17:56:53
NWZA0268,2021-03-31 23:51:24
NWZA0269,2021-03-31 05:43:18
NWZA0270,2021-04-01 08:54:35
NWZA0271,2021-04-08 18:27:03
NWZA0272,2020-11-04 22:05:41
NWZA0273,2021-03-27 09:20:18
NWZA0274,2021-03-29 17:55:53
NWZA0275,2021-04-08 19:33:10
NWZA0276,2021-04-04 19:36:06
NWZA0277,2021-04-02 14:43:04
NWZA0278,2021-04-03 08:04:43
NWZA0279,2021-03-31 07:02:55
NWZA0280,2021-03-31 15:59:03
NWZA0281,2021-04-13 11:27:56
NWZA0282,2021-04-05 09:28:49
NWZA0283,2021-04-14 12:21:01
NWZA0284,2021-03-31 05:58:21
NWZA0285,2021-04-07 18:46:58
NWZA0286,2021-03-27 10:35:13
NWZA0287,2021-04-16 11:15:14
NWZA0288,2021-03-31 16:13:01
NWZA0289,2020-12-23 00:43:11
NWZA0290,2021-03-31 06:13:50
NWZA0291,2021-04-05 18:20:15
NWZA0292,2021-04-09 09:03:09
NWZA0293,2021-03-04 07:04:53
NWZA0294,2021-04-04 17:08:59
NWZA0295,2021-04-01 19:52:56
NWZA0296,2021-04-09 16:25:30
NWZA0297,2021-04-05 14:34:37
NWZA0298,2021-03-31 11:36:14
NWZA0299,2021-03-31 06:19:05
NWZA0300,2021-03-31 19:50:46
NWZA0301,2021-04-13 13:53:14
NWZA0302,2021-04-07 14:06:44
NWZA0303,2020-06-24 07:50:32
NWZA0304,2020-08-21 06:18:06
NWZA0305,2021-04-02 15:09:20
NWZA0306,2021-03-31 07:13:40
NWZA0307,2021-04-02 22:19:27
NWZA0308,2021-03-31 14:51:54
NWZA0309,2021-04-05 20:15:43
NWZA0310,2021-03-27 11:20:50
NWZA0311,2021-04-13 15:51:44
NWZA0312,2021-03-28 06:14:02
NWZA0313,2021-04-13 10:10:00
NWZA0314,2021-04-03 12:06:30
NWZA0315,2021-03-06 07:18:39
NWZA0316,2021-03-31 06:50:41
RADN0001,2021-04-04 15:44:05
RADN0002,2021-04-13 20:30:39
RADN0003,2021-03-10 18:11:13
RADN0004,2021-04-13 11:53:13
RADN0005,2021-03-22 19:36:48
RADN0006,2021-04-13 14:03:56
RADN0007,2021-04-06 07:15:15
RADN0008,2021-04-07 16:21:20
RADN0009,2021-03-31 04:14:59
RADN0010,2021-04-13 10:57:27
RADN0011,2021-04-16 10:02:16
RADN0012,2021-04-03 12:17:01
RADN0013,2021-04-08 07:01:40
RADN0014,2021-04-03 09:49:02
RADN0015,2021-04-13 12:57:42
RADN0016,2021-04-13 17:58:39
RADN0017,2021-01-16 05:56:23
RADN0018,2021-03-31 06:46:59
RADN0019,2021-04-02 14:31:17
RADN0020,2021-04-01 10:27:30
RADN0021,2020-11-21 15:32:00
RADN0022,2020-06-24 09:48:48
RADN0023,2021-04-03 13:07:44
RADN0024,2021-03-31 16:01:09
RADN0025,2021-04-04 19:14:57
RADN0026,2020-11-08 18:58:05
RADN0027,2021-03-31 19:12:49
RADN0028,2020-07-07 07:24:01
RADN0029,2021-04-09 14:39:19
RADN0030,2021-04-10 17:51:47
RADN0031,2020-10-14 15:38:49
RADN0032,2021-03-31 11:10:01
RADN0033,2021-04-02 15:20:09
RADN0034,2021-04-02 08:06:04
RADN0035,2021-04-05 21:04:26
RADN0036,2021-04-17 22:22:11
RADN0037,2021-04-14 09:00:23
RADN0038,2021-04-14 00:26:18
RADN0039,2021-04-15 09:45:04
RADN0040,2021-04-02 10:00:10
RADN0041,2021-04-13 11:37:00
RADN0042,2021-04-07 08:21:11
RADN0043,2020-09-02 20:37:19
RADN0044,2021-04-04 18:37:44
RADN0045,2020-09-14 05:52:02
RADN0046,2021-04-01 04:58:38
RADN0047,2021-04-13 11:43:21
RADN0048,2021-04-10 08:33:36
RADN0049,2021-04-06 07:36:47
RADN0050,2021-03-31 16:27:00
RADN0051,2021-04-04 16:24:27
RADN0052,2021-04-06 18:15:06
RADN0053,2021-03-31 06:08:13
RADN0054,2021-04-08 19:00:03
RADN0055,2021-03-31 12:56:07
RADN0056,2020-10-26 13:24:11
RADN0057,2021-03-27 11:49:45
RADN0058,2020-06-28 18:58:33
RADN0059,2021-03-31 07:42:21
RADN0060,2021-04-02 16:16:08
RADN0061,2021-03-31 07:04:26
RADN0062,2021-03-31 14:17:42
RADN0063,2021-04-01 18:20:45
RADN0064,2021-04-05 18:17:23
RADN0065,2021-04-02 05:19:57
RADN0066,2021-03-20 06:26:41
RADN0067,2021-04-12 06:44:15
RADN0068,2021-04-12 18:31:35
RADN0069,2021-04-03 08:23:52
RADN0070,2020-11-05 07:34:27
RADN0071,2021-04-14 08:30:06
RADN0072,2021-03-31 06:26:12
RADN0074,2021-03-31 04:28:40
RADN0075,2021-04-13 11:04:54
RADN0076,2021-04-03 05:28:49
RADN0077,2021-03-31 07:41:58
RADN0078,2021-03-19 14:17:41
RADN0079,2021-04-04 19:47:35
RADN0080,2021-04-02 15:27:03
RADN0081,2021-04-04 08:16:46
RADN0082,2021-03-31 03:42:42
RADN0083,2020-08-30 11:16:19
RADN0084,2021-04-14 15:33:48
RADN0085,2021-03-31 07:14:45
RADN0086,2021-04-08 15:54:13
RADN0087,2021-04-03 21:47:22
RADN0088,2021-04-02 20:03:45
RADN0089,2021-03-31 07:09:40
RADN0090,2021-04-03 12:32:17
RADN0091,2021-02-03 08:48:34
RADN0092,2020-11-18 05:36:48
RADN0093,2021-04-03 12:54:48
RADN0094,2021-04-02 21:38:36
RADN0095,2021-04-02 05:21:39
RADN0096,2021-04-01 19:53:43
RADN0097,2021-04-02 11:49:05
RADN0098,2021-04-14 08:57:01
RADN0099,2021-03-31 01:59:20
RADN0100,2021-04-14 17:54:22
RADN0101,2021-04-09 11:11:21
RADN0102,2021-04-13 07:12:57
RADN0103,2021-04-02 06:36:20
RADN0104,2021-03-31 17:36:11
RADN0105,2021-03-31 16:45:08
RADN0106,2021-04-02 11:17:45
RADN0107,2020-07-25 14:45:01
RADN0108,2021-04-03 20:24:20
RADN0109,2021-04-13 21:06:01
RADN0110,2021-04-13 17:41:18
RADN0111,2021-04-13 10:20:48
RADN0112,2021-03-28 13:19:08
RADN0113,2021-04-13 13:16:14
RADN0114,2021-03-31 08:23:05
RADN0115,2021-04-01 01:00:35
RADN0116,2021-04-07 11:52:17
RADN0117,2021-04-03 12:39:03
RADN0118,2021-04-04 13:00:15
RADN0119,2021-03-31 04:24:33
RADN0120,2021-04-07 18:43:37
RADN0121,2020-10-05 18:17:29
RADN0122,2021-04-05 13:28:20
RADN0123,2020-07-02 13:09:59
RADN0124,2021-04-06 05:16:52
RADN0125,2021-03-10 07:06:27
RADN0126,2021-03-31 05:12:52
RADN0127,2021-03-31 19:22:57
RADN0128,2021-03-31 17:45:04
RADN0129,2021-04-02 10:35:55
RADN0130,2021-04-03 09:17:59
RADN0131,2021-04-08 05:08:01
RADN0132,2021-04-03 08:15:28
RADN0133,2021-04-13 09:42:28
RADN0134,2021-04-04 19:51:08
RADN0135,2021-03-31 02:51:46
RADN0136,2021-03-31 05:23:37
RADN0137,2021-04-03 09:59:20
RADN0138,2021-04-10 19:06:02
RADN0139,2021-01-11 14:43:22
RADN0140,2021-04-04 15:36:52
RADN0141,2021-03-31 06:32:58
RADN0142,2021-03-27 10:30:22
RADN0143,2021-03-31 04:33:15
RADN0144,2021-04-13 16:33:36
RADN0145,2021-04-03 05:48:04
RADN0146,2021-04-05 13:22:39
RADN0147,2021-04-05 10:21:56
RADN0148,2021-04-06 19:27:08
RADN0149,2021-04-14 12:38:22
RADN0150,2021-03-31 06:30:55
RADN0151,2021-02-10 08:37:08
RADN0152,2021-04-11 08:08:24
RADN0153,2021-04-13 11:03:22
RADN0154,2021-03-31 19:49:39
RADN0155,2021-04-11 17:03:17
RADN0156,2021-03-27 10:57:45
RADN0157,2021-03-14 19:08:13
RADN0158,2021-03-31 16:08:34
RADN0159,2021-04-02 10:48:17
RADN0160,2021-04-01 11:17:03
RADN0161,2021-03-31 19:17:16
RADN0162,2021-04-01 07:16:30
RADN0163,2021-03-31 07:26:56
RADN0164,2021-03-27 08:45:18
RADN0165,2021-03-31 08:26:08
RADN0166,2021-04-01 05:45:37
RADN0167,2021-04-14 19:43:04
RADN0168,2021-04-06 18:35:29
RADN0169,2021-03-31 03:33:14
RADN0170,2021-03-29 09:32:39
RADN0171,2021-02-06 06:54:17
RADN0172,2021-04-05 13:30:32
RADN0173,2021-04-05 12:11:04
RADN0174,2020-07-24 21:00:47
RADN0175,2021-04-04 08:37:00
RADN0176,2021-04-01 06:06:39
RADN0177,2021-04-14 06:40:19
RADN0178,2021-04-02 10:59:00
RADN0179,2021-04-05 11:18:37
RADN0180,2020-10-23 20:22:39
RADN0181,2021-03-31 20:01:33
RADN0182,2021-03-09 18:46:18
RADN0183,2021-02-17 11:30:26
RADN0184,2020-09-12 18:28:02
RADN0185,2021-04-03 09:55:41
RADN0186,2021-03-31 18:23:38
RADN0187,2021-04-03 13:07:53
RADN0188,2021-04-08 13:07:48
RADN0189,2021-03-28 16:30:15
RADN0190,2021-04-04 09:23:11
RADN0191,2021-04-13 19:00:30
RADN0192,2021-03-23 09:49:19
RADN0193,2021-03-31 07:49:43
RADN0195,2021-04-08 06:23:02
RADN0196,2021-04-13 16:04:59
RADN0197,2021-04-10 18:00:14
RADN0198,2021-03-31 20:33:38
RADN0199,2021-04-03 13:54:34
RADN0200,2020-08-19 10:02:56
RADN0201,2021-04-04 12:42:37
RADN0202,2021-04-06 18:17:04
RADN0203,2021-04-04 11:45:17
RADN0204,2021-03-31 20:22:41
RADN0205,2021-04-13 12:06:46
RADN0206,2021-03-31 04:28:28
RADN0207,2021-03-31 12:03:54
RADN0208,2021-04-01 20:35:49
RADN0209,2021-04-02 23:37:56
RADN0210,2021-03-31 14:03:41
RADN0211,2021-04-04 11:57:17
RADN0212,2021-03-05 08:02:11
RADN0213,2021-04-14 11:27:16
RADN0214,2021-04-03 08:23:03
RADN0215,2021-03-27 06:59:43
RADN0216,2021-04-13 10:27:35
RADN0217,2021-03-31 20:48:13
RADN0218,2021-04-01 07:00:42
RADN0219,2021-04-09 07:51:29
RADN0220,2021-04-04 12:57:02
RADN0221,2021-04-06 06:24:32
RADN0222,2021-04-05 17:43:52
RADN0223,2020-07-24 16:25:13
RADN0224,2021-01-06 12:58:06
RADN0225,2021-03-31 05:47:06
RADN0226,2021-04-12 11:41:37
RADN0227,2021-04-06 13:19:16
RADN0228,2021-04-01 08:35:34
RADN0229,2021-04-06 14:41:49
RADN0230,2021-04-13 10:27:43
RADN0231,2021-04-06 07:51:57
RADN0232,2021-03-31 08:45:24
RADN0233,2021-03-31 04:04:43
RADN0234,2021-03-31 06:21:44
RADN0235,2021-04-09 06:48:32
RADN0236,2021-04-05 16:21:25
RADN0237,2021-04-02 17:56:41
RADN0238,2021-03-31 09:49:23
RADN0239,2021-02-26 07:27:52
RADN0240,2021-04-01 09:58:37
RADN0241,2021-04-03 20:28:16
RADN0242,2021-04-05 14:10:45
RADN0243,2021-04-04 21:49:59
RADN0244,2021-04-15 07:10:32
RADN0245,2021-03-31 03:56:42
RADN0246,2021-04-03 19:12:01
RADN0247,2021-04-01 05:16:32
RADN0248,2021-04-02 16:55:49
RADN0249,2021-04-07 06:43:02
RADN0250,2021-03-27 07:03:26
RADN0251,2021-04-06 11:21:28
RADN0252,2021-04-03 21:38:08
RADN0253,2021-04-05 07:13:54
RADN0254,2021-03-31 07:02:01
RADN0255,2021-04-08 08:54:30
RADN0256,2021-03-31 09:41:12
RADN0257,2021-03-31 07:20:40
RADN0258,2021-04-02 11:35:00
RADN0259,2021-04-01 18:10:07
RADN0260,2021-03-31 13:13:59
RADN0261,2021-04-06 18:45:10
RADN0262,2021-03-27 18:14:45
RADN0263,2021-04-13 08:16:41
RADN0264,2021-04-13 10:25:53
RADN0265,2020-09-03 06:26:58
RADN0266,2021-04-03 05:51:56
RADN0267,2021-04-03 11:36:29
RADN0268,2021-03-31 06:45:47
RADN0270,2021-04-04 05:21:05
RADN0271,2021-04-05 22:41:33
RADN0272,2020-06-28 06:32:36
RADN0273,2021-02-10 07:34:09
RADN0274,2021-03-31 12:32:37
RADN0275,2020-07-08 06:17:18
RADN0276,2021-04-05 18:09:57
RADN0277,2021-03-31 05:36:21
RADN0278,2021-03-31 07:06:34
RADN0279,2021-04-01 10:46:31
RADN0280,2021-04-04 11:37:58
RADN0281,2021-04-02 18:20:22
RADN0282,2021-02-06 09:47:33
RADN0284,2021-04-03 19:50:37
RADN0285,2021-03-27 10:53:37
RADN0286,2021-04-02 12:36:35
RADN0287,2021-04-05 12:51:40
RADN0288,2021-03-31 04:36:10
RADN0289,2021-04-13 10:32:28
RADN0290,2021-03-31 15:43:05
RADN0291,2021-04-04 05:48:40
RADN0292,2021-03-31 05:38:51
RADN0293,2021-04-14 09:33:16
RADN0294,2021-04-06 11:51:59
RADN0295,2021-03-31 07:30:14
RADN0296,2021-03-31 06:11:23
RADN0297,2021-03-31 11:54:46
RADN0298,2021-04-04 11:54:07
RADN0299,2021-04-08 21:04:10
RADN0300,2021-03-31 10:45:20
RADN0301,2021-04-05 17:39:19
RADN0302,2021-02-06 07:56:52
RADN0303,2021-04-03 21:48:47
RADN0304,2020-12-23 21:21:51
RADN0305,2021-04-04 06:46:20
RADN0306,2021-01-29 13:07:37
RADN0307,2021-04-05 21:29:57
RADN0308,2021-04-18 21:32:08
RADN0309,2021-04-13 10:43:25
RADN0310,2021-04-05 17:27:26
RADN0311,2021-03-31 10:54:32
RADN0312,2021-04-13 11:48:22
RADN0313,2021-03-29 18:31:27
RADN0314,2021-03-27 10:00:43
RADN0315,2021-04-08 09:28:49
RADN0316,2021-03-28 03:16:15
RADN0317,2021-04-01 16:09:19
RADN0318,2021-04-04 21:39:07
RADN0319,2021-04-12 07:38:52
RADN0320,2021-04-04 19:49:38
RADN0321,2021-03-31 05:07:14
RADN0322,2021-04-08 06:43:33
RADN0323,2020-11-10 11:18:54
RADN0324,2021-03-31 10:06:26
RADN0325,2021-03-31 19:53:24
RADN0326,2020-05-10 15:18:27
RADN0327,2021-04-08 18:11:01
RADN0328,2021-04-02 11:41:48
RADN0329,2021-04-11 19:39:45
RADN0330,2021-04-01 08:37:46
RADN0331,2021-04-02 06:35:58
RADN0332,2021-01-22 05:26:48
RADN0333,2021-03-31 07:52:25
RADN0334,2021-04-13 10:42:04
RADN0335,2021-04-06 11:00:02
RADN0336,2021-04-13 10:25:29
RADN0337,2021-03-31 21:15:05
RADN0338,2021-04-05 18:25:13
RADN0339,2020-10-06 11:57:22
RADN0340,2021-04-03 15:25:58
RADN0341,2021-04-02 14:46:11
RADN0342,2021-04-05 15:14:55
RADN0343,2021-04-13 10:30:43
RADN0344,2021-04-03 19:48:35
RADN0345,2021-04-04 09:22:49
RADN0346,2021-03-19 13:22:54
RADN0347,2021-04-14 07:48:56
RADN0348,2021-04-07 14:32:18
RADN0349,2021-03-28 20:40:36
RADN0350,2021-04-04 07:53:03
RADN0351,2021-01-27 12:28:55
RADN0352,2021-04-07 12:13:00
RADN0353,2020-09-23 12:57:11
RADN0354,2020-06-19 08:30:04
RADN0355,2021-04-02 21:28:14
RADN0356,2021-03-31 19:03:44
RADN0357,2021-01-06 13:31:16
RADN0358,2021-04-01 04:14:22
RADN0359,2020-07-05 18:41:36
RADN0360,2021-04-13 10:40:11
RADN0361,2021-04-13 19:50:33
RADN0362,2020-10-15 05:14:26
RADN0363,2021-04-01 19:53:17
RADN0364,2021-03-31 09:07:08
RADN0365,2021-04-13 11:47:03
RADN0366,2021-04-02 10:12:55
RADN0367,2020-11-02 16:06:52
RADN0368,2021-03-31 19:24:06
RADN0369,2021-04-05 15:38:15
RADN0370,2021-04-04 09:53:41
RADN0371,2021-03-31 11:06:10
RADN0372,2021-04-14 15:02:38
RADN0373,2021-04-07 11:28:17
RADN0374,2020-12-16 05:53:44
RADN0375,2021-03-27 06:27:02
RADN0376,2021-03-31 21:22:18
RADN0377,2021-03-22 12:47:17
RADN0378,2021-04-05 13:42:07
RADN0379,2021-04-02 22:20:26
RADN0380,2021-03-31 19:52:00
RADN0381,2021-04-05 19:06:44
RADN0382,2021-04-03 18:35:44
RADN0383,2021-01-02 16:36:50
RADN0384,2021-03-31 06:26:30
RADN0385,2021-04-05 19:53:20
RADN0386,2021-04-03 14:51:04
RADN0387,2021-04-04 16:28:41
RADN0388,2020-10-16 08:24:40
RADN0389,2021-04-14 08:55:40
RADN0390,2021-03-31 15:03:39
RADN0391,2021-04-13 16:40:45
RADN0392,2021-04-14 10:26:44
RADN0393,2021-03-31 21:17:25
RADN0394,2021-03-31 00:40:35
RADN0395,2021-04-03 16:51:10
RADN0396,2021-04-06 13:19:06
RADN0397,2021-04-05 17:24:19
RADN0398,2021-04-04 07:39:35
RADN0399,2020-10-24 15:33:59
RADN0400,2021-04-08 20:38:16
RADN0401,2021-04-03 08:11:54
RADN0402,2021-03-31 19:02:38
RADN0403,2021-03-27 12:07:15
RADN0404,2020-07-07 13:05:35
RADN0405,2021-04-13 11:22:20
RADN0406,2021-04-04 06:34:50
RADN0407,2021-04-05 07:34:34
RADN0408,2021-04-06 06:56:05
RADN0409,2021-04-03 13:18:16
RADN0410,2021-03-31 19:58:25
RADN0411,2021-04-02 10:51:15
RADN0412,2021-04-13 10:28:06
RADN0413,2021-04-13 12:02:18
RADN0414,2021-04-13 14:40:57
RADN0415,2021-04-05 12:32:03
RADN0416,2021-04-06 20:39:07
RADN0417,2021-04-13 10:20:47
RADN0418,2021-03-31 06:11:42
RADN0419,2021-04-03 06:45:42
RADN0420,2021-04-05 20:28:42
STMA0001,2020-07-03 11:56:49
STMA0002,2020-07-28 10:57:32
STMA0003,2020-08-26 14:20:59
STMA0004,2021-04-04 20:46:11
STMA0005,2021-03-17 00:16:11
STMA0006,2021-03-31 06:24:07
STMA0007,2021-04-13 13:07:20
STMA0008,2021-01-11 11:59:10
STMA0009,2021-04-02 19:36:13
STMA0010,2021-03-31 06:15:04
STMA0011,2021-04-17 08:37:35
STMA0012,2021-03-31 19:01:23
STMA0014,2021-04-02 07:50:33
STMA0015,2021-04-15 04:00:44
STMA0016,2021-04-15 18:32:08
STMA0017,2021-03-31 05:56:21
STMA0020,2021-04-03 10:11:43
STMA0021,2021-04-04 01:26:44
STMA0022,2021-04-13 16:48:35
STMA0023,2021-04-02 20:08:48
STMA0024,2021-03-31 04:00:22
STMA0025,2021-03-13 12:00:34
STMA0027,2021-04-07 19:59:01
STMA0028,2021-04-06 04:38:38
STMA0029,2021-03-31 04:49:50
STMA0030,2021-01-07 16:39:41
STMA0031,2021-04-13 15:21:59
STMA0032,2021-04-06 23:41:39
STMA0033,2021-03-29 06:45:28
STMA0034,2021-04-02 05:08:11
STMA0035,2021-04-03 09:31:28
STMA0036,2021-04-03 09:29:26
STMA0037,2021-03-31 07:32:17
STMA0038,2021-03-27 18:15:31
STMA0039,2020-12-23 06:18:04
STMA0040,2020-09-03 06:16:38
STMA0041,2021-04-13 10:27:48
STMA0042,2021-04-04 07:38:36
STMA0043,2021-03-31 04:39:59
STMA0044,2020-10-26 10:20:27
STMA0045,2021-04-02 20:40:53
STMA0046,2021-04-13 17:38:55
STMA0047,2021-03-31 05:59:27
STMA0048,2021-03-31 06:45:03
STMA0049,2021-03-27 14:48:04
STMA0050,2021-04-01 07:28:23
STMA0051,2021-04-03 07:44:31
STMA0052,2021-03-31 11:13:13
STMA0053,2021-02-10 20:19:33
STMA0054,2021-03-31 06:49:25
STMA0055,2021-04-12 19:58:09
STMA0056,2021-03-31 07:49:03
STMA0057,2021-04-02 09:22:03
STMA0058,2021-03-31 21:45:46
STMA0059,2021-03-31 07:46:19
STMA0060,2021-04-04 06:42:45
STMA0061,2021-04-12 10:50:10
STMA0062,2021-04-02 06:26:44
STMA0063,2021-03-31 19:47:56
STMA0064,2021-03-27 11:04:24
STMA0065,2020-08-22 21:38:19
STMA0066,2021-04-14 20:49:19
STMA0067,2021-04-14 05:14:27
Test0003,2020-04-21 14:20:54
Test0005,2020-04-21 13:23:30
Test0006,2020-04-21 13:24:08
UMCU0001,2021-04-02 10:11:24
UMCU0002,2021-03-31 19:20:57
UMCU0003,2021-03-27 07:13:36
UMCU0004,2021-01-06 14:27:32
UMCU0005,2021-03-31 07:51:33
UMCU0006,2021-03-31 07:14:16
UMCU0007,2021-03-31 19:16:20
UMCU0008,2021-04-02 15:23:41
UMCU0009,2021-03-31 06:50:11
UMCU0010,2021-03-19 14:26:22
UMCU0011,2021-04-14 09:38:09
UMCU0012,2020-09-29 12:07:45
UMCU0013,2021-04-03 18:49:27
UMCU0014,2021-04-04 09:24:41
UMCU0015,2021-04-18 22:06:03
UMCU0016,2021-01-06 06:14:24
UMCU0017,2021-04-03 10:39:11
UMCU0018,2021-04-04 14:37:13
UMCU0019,2021-03-31 06:32:44
UMCU0020,2021-03-31 07:18:00
UMCU0021,2021-04-13 10:28:28
UMCU0022,2021-04-03 12:17:14
UMCU0023,2021-03-25 10:28:54
UMCU0024,2021-03-31 21:11:18
UMCU0025,2021-04-01 05:58:50
UMCU0026,2020-10-03 18:45:18
UMCU0027,2021-03-27 10:08:56
UMCU0028,2021-03-31 05:06:03
UMCU0029,2021-04-04 20:56:33
UMCU0030,2021-03-27 08:46:43
UMCU0031,2021-04-06 12:06:31
UMCU0032,2021-04-02 05:40:22
UMCU0033,2021-04-14 19:51:49
UMCU0035,2021-03-31 21:07:41
UMCU0036,2020-11-19 01:01:19
UMCU0037,2021-04-04 12:56:30
UMCU0038,2020-10-15 09:24:20
UMCU0039,2021-04-06 10:03:28
UMCU0040,2021-04-02 08:01:17
UMCU0041,2021-04-01 18:21:50
UMCU0042,2021-04-13 19:30:46
UMCU0043,2021-04-07 19:19:51
UMCU0044,2021-04-04 07:06:41
UMCU0045,2021-04-08 02:09:56
UMCU0046,2021-03-31 06:47:55
UMCU0047,2021-03-31 05:27:03
UMCU0048,2021-03-08 08:19:16
UMCU0049,2021-03-31 08:23:51
UMCU0050,2021-03-31 05:31:19
UMCU0051,2021-03-31 06:12:38
UMCU0052,2021-03-31 05:03:59
UMCU0053,2021-03-28 19:53:54
UMCU0054,2021-04-03 07:17:31
UMCU0055,2020-12-04 12:20:13
UMCU0056,2021-04-03 20:46:50
UMCU0057,2021-03-27 16:02:02
UMCU0058,2021-04-02 02:29:17
UMCU0059,2021-04-04 16:06:04
UMCU0060,2020-10-08 06:53:52
UMCU0061,2021-04-02 09:22:47
UMCU0062,2021-04-13 10:22:14
UMCU0063,2020-06-14 19:19:50
UMCU0064,2021-04-04 08:53:59
UMCU0065,2021-03-31 00:16:53
UMCU0066,2021-04-06 06:30:40
UMCU0067,2021-04-01 20:38:55
UMCU0068,2021-04-03 17:32:51
UMCU0069,2021-04-02 23:19:28
UMCU0070,2021-04-11 16:26:23
UMCU0071,2021-04-07 19:37:24
UMCU0072,2021-04-10 16:01:23
UMCU0073,2020-09-08 19:21:03
UMCU0074,2021-03-31 07:46:01
UMCU0075,2020-10-06 19:34:40
UMCU0076,2021-04-13 21:18:26
UMCU0077,2021-04-02 22:19:33
UMCU0078,2021-04-04 22:50:15
UMCU0079,2021-04-02 11:21:46
UMCU0081,2021-04-03 11:56:28
UMCU0082,2021-04-11 06:14:53
UMCU0083,2021-04-01 21:42:42
UMCU0084,2021-04-02 07:26:56
UMCU0085,2021-04-13 10:43:33
UMCU0086,2021-04-03 15:02:15
UMCU0087,2021-03-31 15:29:31
UMCU0088,2021-04-04 08:23:10
UMCU0089,2021-04-06 05:58:41
UMCU0090,2021-04-03 09:34:13
UMCU0091,2021-04-01 20:10:29
UMCU0092,2021-04-13 11:08:52
UMCU0093,2021-04-10 23:09:37
UMCU0094,2021-04-08 19:55:19
UMCU0095,2021-03-31 06:42:13
UMCU0096,2021-03-31 11:42:39
UMCU0097,2021-04-06 18:54:01
UMCU0098,2021-04-13 14:00:46
UMCU0099,2021-03-13 12:02:11
UMCU0100,2021-04-09 00:24:09
UMCU0101,2021-03-28 11:40:11
UMCU0102,2021-04-01 13:03:23
UMCU0103,2020-09-17 08:07:10
UMCU0104,2021-04-11 16:55:48
UMCU0105,2021-04-06 15:52:42
UMCU0106,2021-03-14 10:11:58
UMCU0107,2021-04-06 10:15:03
UMCU0108,2021-03-31 07:53:50
UMCU0109,2021-04-02 09:33:45
UMCU0110,2021-04-01 01:22:08
UMCU0111,2021-04-03 06:14:00
UMCU0112,2021-04-05 02:39:38
UMCU0114,2021-03-27 22:01:38
UMCU0115,2021-04-11 18:41:49
UMCU0116,2021-04-13 17:55:00
UMCU0117,2021-03-31 11:17:00
UMCU0118,2021-02-21 15:35:25
UMCU0119,2021-04-02 17:22:52
UMCU0120,2021-04-06 21:27:21
UMCU0121,2020-06-22 14:11:28
UMCU0122,2021-04-07 10:27:56
UMCU0123,2021-02-24 14:33:13
UMCU0124,2021-04-06 16:34:46
UMCU0125,2021-03-27 19:43:09
UMCU0126,2021-04-13 14:19:49
UMCU0127,2021-03-31 19:17:20
UMCU0128,2021-04-01 04:30:23
UMCU0129,2021-04-07 22:05:26
UMCU0130,2020-12-25 06:24:23
UMCU0131,2021-04-15 19:51:54
UMCU0132,2021-04-03 07:09:40
UMCU0133,2020-11-27 22:12:49
UMCU0134,2021-04-02 06:24:15
UMCU0135,2021-03-31 05:24:15
UMCU0136,2021-04-02 20:55:01
UMCU0137,2021-04-09 00:54:27
UMCU0138,2021-03-31 11:23:51
UMCU0139,2021-03-24 09:59:17
UMCU0140,2021-03-27 21:52:42
UMCU0141,2021-04-01 12:25:09
UMCU0142,2021-04-01 08:38:06
UMCU0143,2021-04-01 20:04:29
UMCU0144,2021-04-13 08:08:20
UMCU0145,2021-04-03 11:14:19
UMCU0146,2021-03-31 23:39:05
UMCU0147,2021-04-01 11:16:54
UMCU0148,2020-10-04 09:21:57
UMCU0149,2021-04-01 19:51:54
UMCU0150,2021-04-15 16:38:18
UMCU0151,2021-04-13 20:09:20
UMCU0152,2021-01-23 10:21:53
UMCU0153,2021-04-03 12:34:38
UMCU0154,2021-04-09 21:57:03
UMCU0156,2021-04-02 05:55:35
UMCU0157,2021-04-01 19:51:28
UMCU0158,2021-04-02 07:27:51
UMCU0159,2021-03-31 19:06:13
UMCU0160,2021-04-02 07:45:23
UMCU0161,2021-04-01 09:27:29
UMCU0162,2021-04-05 18:51:21
UMCU0163,2021-04-07 10:54:06
UMCU0164,2021-04-01 10:27:17
UMCU0165,2021-04-09 04:09:11
UMCU0166,2021-03-31 04:44:36
UMCU0167,2021-04-02 06:25:04
UMCU0168,2021-02-13 06:30:03
UMCU0169,2021-04-01 06:42:50
UMCU0171,2021-04-02 06:52:51
UMCU0172,2021-03-31 05:51:45
UMCU0173,2021-02-24 15:05:06
UMCU0174,2021-04-02 05:50:31
UMCU0175,2021-04-06 11:06:36
UMCU0176,2021-04-14 05:10:47
UMCU0177,2021-04-07 10:53:28
UMCU0178,2021-04-03 12:11:57
UMCU0179,2021-04-14 09:05:17
UMCU0181,2021-03-31 08:01:01
UMCU0182,2021-03-31 10:37:55
UMCU0183,2020-10-29 07:01:04
UMCU0184,2021-04-03 14:23:14
UMCU0185,2021-04-02 04:57:39
UMCU0186,2021-04-06 13:42:43
UMCU0187,2021-04-11 06:26:30
UMCU0188,2021-03-31 07:58:37
UMCU0189,2021-04-01 21:34:07
UMCU0190,2020-12-24 13:40:33
UMCU0191,2021-03-28 12:45:25
UMCU0192,2021-03-31 04:03:52
UMCU0193,2021-03-22 09:13:43
UMCU0194,2021-04-08 02:38:27
UMCU0195,2021-03-28 08:44:15
UMCU0196,2021-03-31 11:36:54
UMCU0197,2021-04-13 18:49:42
UMCU0198,2020-09-22 07:54:06
UMCU0199,2021-04-10 21:24:52
UMCU0200,2021-04-06 06:10:22
UMCU0201,2021-03-26 08:15:49
UMCU0202,2021-03-26 07:18:53
UMCU0203,2021-04-03 06:23:40
UMCU0204,2021-04-01 09:13:42
UMCU0205,2021-04-01 17:53:59
UMCU0206,2021-04-13 18:38:26
UMCU0207,2021-04-16 20:32:40
UMCU0208,2021-04-03 06:03:39
UMCU0209,2021-03-31 06:13:41
UMCU0210,2021-03-24 20:02:17
UMCU0211,2021-04-03 14:24:07
UMCU0212,2021-04-13 12:40:36
UMCU0213,2020-09-22 18:31:55
UMCU0214,2021-04-02 17:00:45
UMCU0215,2020-09-06 12:29:11
UMCU0216,2021-04-06 19:35:04
UMCU0217,2021-02-10 14:41:04
UMCU0218,2021-03-31 11:11:45
UMCU0219,2021-03-31 17:11:07
UMCU0220,2021-01-20 13:11:50
UMCU0221,2021-04-12 02:04:28
UMCU0222,2021-04-05 18:04:28
UMCU0223,2021-04-06 10:44:32
UMCU0224,2021-04-10 18:45:59
UMCU0225,2021-04-09 14:48:47
UMCU0226,2021-04-03 12:19:43
UMCU0227,2021-04-05 07:12:54
UMCU0228,2021-04-13 10:39:04
UMCU0229,2021-03-31 10:53:29
UMCU0230,2021-04-19 06:31:43
UMCU0231,2021-04-02 05:13:50
UMCU0232,2021-03-23 19:15:41
UMCU0233,2021-04-05 16:33:00
UMCU0234,2021-04-03 07:41:42
UMCU0235,2021-03-27 07:00:28
UMCU0236,2021-04-13 16:31:25
UMCU0237,2021-04-05 11:30:23
UMCU0238,2021-04-03 14:58:35
UMCU0239,2021-04-04 19:52:35
UMCU0240,2021-03-31 20:08:28
UMCU0241,2021-04-13 12:52:30
UMCU0242,2021-03-13 06:27:59
UMCU0243,2021-03-09 13:04:00
UMCU0244,2020-11-11 18:14:56
UMCU0246,2021-04-04 07:12:53
UMCU0247,2021-04-04 06:55:22
UMCU0248,2021-03-29 06:04:45
UMCU0250,2020-09-04 16:35:17
UMCU0251,2021-04-06 06:42:19
UMCU0252,2021-03-01 05:59:08
UMCU0253,2021-04-02 14:52:46
UMCU0254,2021-03-27 06:32:36
UMCU0255,2021-04-13 11:24:09
UMCU0256,2021-04-10 05:21:24
UMCU0257,2021-04-02 09:03:10
UMCU0258,2021-04-14 05:18:36
UMCU0259,2021-03-31 20:36:18
UMCU0260,2021-04-02 18:23:13
UMCU0261,2020-09-29 22:07:40
UMCU0262,2021-04-04 05:27:19
UMCU0263,2021-03-31 02:00:30
UMCU0264,2021-04-02 23:17:49
UMCU0266,2021-04-11 05:53:15
UMCU0267,2021-04-10 08:46:37
UMCU0268,2021-04-14 22:15:33
UMCU0269,2021-04-01 07:42:28
UMCU0270,2021-04-02 12:31:14
UMCU0271,2020-11-04 21:03:07
UMCU0272,2021-04-03 21:10:11
UMCU0273,2021-03-31 14:53:49
UMCU0274,2021-03-23 06:45:40
UMCU0275,2021-01-22 10:04:54
UMCU0276,2021-04-03 10:39:17
UMCU0277,2021-03-26 19:39:05
UMCU0278,2021-04-02 15:17:22
UMCU0279,2021-04-01 20:05:44
UMCU0280,2020-10-09 02:07:33
UMCU0281,2021-02-27 18:31:29
UMCU0282,2021-02-09 13:21:18
UMCU0283,2021-03-21 20:45:15
UMCU0284,2021-03-31 11:20:02
UMCU0285,2021-04-06 06:32:54
UMCU0286,2021-04-11 19:56:28
UMCU0287,2021-04-05 20:59:16
UMCU0288,2021-04-13 16:00:07
UMCU0289,2021-04-01 16:58:31
UMCU0290,2021-03-28 18:59:28
UMCU0291,2021-04-13 19:34:24
UMCU0292,2021-03-27 08:45:01
UMCU0293,2021-03-31 17:49:18
UMCU0294,2021-03-10 09:21:09
UMCU0295,2021-04-02 12:38:31
UMCU0296,2021-04-07 17:18:57
UMCU0297,2021-03-31 16:27:51
UMCU0298,2021-04-08 18:50:17
UMCU0300,2021-04-13 13:13:24
UMCU0301,2021-04-05 20:00:46
UMCU0302,2021-04-05 21:23:04
UMCU0303,2021-04-13 10:21:21
UMCU0304,2021-03-31 06:43:30
UMCU0305,2021-04-01 10:14:46
UMCU0306,2021-03-31 18:03:27
UMCU0307,2021-01-13 08:09:44
UMCU0308,2021-04-03 14:16:45
UMCU0309,2021-04-13 10:27:34
UMCU0310,2021-04-02 06:01:53
UMCU0311,2021-04-06 16:57:58
UMCU0312,2021-04-04 12:30:06
UMCU0313,2021-02-27 18:42:24
UMCU0314,2021-04-02 17:18:34
UMCU0315,2021-03-25 08:19:54
UMCU0316,2020-11-05 11:44:08
UMCU0317,2021-03-31 06:55:51
UMCU0318,2021-04-13 20:10:59
UMCU0319,2021-03-31 05:32:13
UMCU0320,2021-03-29 05:42:31
UMCU0321,2021-04-13 11:13:17
UMCU0322,2021-04-12 08:04:17
UMCU0325,2021-04-01 18:57:34
UMCU0326,2021-03-03 06:35:49
UMCU0327,2021-03-31 06:10:49
UMCU0328,2021-03-17 08:14:26
UMCU0329,2021-04-01 11:19:33
UMCU0330,2021-03-31 03:31:26
UMCU0331,2021-04-02 06:25:54
UMCU0332,2020-07-12 18:43:46
UMCU0333,2021-04-04 09:05:52
UMCU0334,2021-04-16 15:59:39
UMCU0335,2021-03-31 05:25:06
UMCU0336,2021-03-31 06:08:43
UMCU0337,2021-03-23 20:04:33
UMCU0338,2021-04-03 17:52:04
UMCU0339,2021-04-03 08:33:06
UMCU0340,2021-04-14 11:22:46
UMCU0341,2021-04-13 12:21:10
UMCU0342,2021-03-10 14:38:51
UMCU0343,2021-04-15 19:16:07
UMCU0344,2021-04-13 10:55:20
UMCU0345,2021-04-05 06:36:07
UMCU0346,2021-04-02 06:21:06
UMCU0347,2021-04-02 06:38:34
UMCU0348,2021-02-06 14:36:29
UMCU0349,2020-08-27 13:46:01
UMCU0350,2021-04-01 18:57:06
UMCU0351,2021-04-13 10:23:59
UMCU0352,2020-08-10 08:42:43
UMCU0353,2021-01-09 06:43:20
UMCU0354,2021-04-04 11:17:00
UMCU0355,2021-04-06 08:13:06
UMCU0356,2021-04-03 18:57:14
UMCU0357,2021-04-02 12:54:59
UMCU0358,2021-04-04 13:10:45
UMCU0359,2021-04-13 13:51:27
UMCU0360,2021-02-18 10:17:09
UMCU0361,2021-03-07 11:47:51
UMCU0362,2021-03-31 12:08:28
UMCU0363,2021-04-06 11:13:53
UMCU0364,2021-03-31 10:03:20
UMCU0365,2021-04-13 11:36:14
UMCU0366,2021-04-02 05:01:07
UMCU0367,2021-03-31 14:44:15
UMCU0368,2020-09-13 06:24:41
UMCU0369,2021-04-06 06:12:38
UMCU0371,2021-04-03 03:25:41
UMCU0372,2020-12-07 14:24:50
UMCU0374,2021-03-31 05:32:08
UMCU0375,2021-04-03 15:32:02
UMCU0376,2021-04-01 19:10:37
UMCU0377,2021-01-06 09:37:22
UMCU0378,2021-03-31 16:57:21
UMCU0379,2020-11-08 09:11:09
UMCU0380,2021-04-08 18:32:07
UMCU0381,2021-04-06 13:29:00
UMCU0382,2021-04-03 19:46:48
UMCU0383,2021-03-31 14:41:55
UMCU0384,2021-03-06 21:31:42
UMCU0385,2021-04-08 14:23:14
UMCU0386,2021-04-08 10:06:27
UMCU0387,2021-04-06 10:24:47
UMCU0388,2021-03-03 10:53:10
UMCU0389,2021-04-01 17:59:27
UMCU0390,2020-05-30 07:59:44
UMCU0391,2021-04-06 20:43:43
UMCU0392,2021-03-19 14:04:35
UMCU0393,2021-04-10 16:37:42
UMCU0394,2021-04-17 07:47:42
UMCU0395,2021-01-13 08:11:03
